Achton
agagagaga - agagagaga på hotmail punktum com
Alexandra Steffensen
Alexandru Nicolin - nicolin på nbi punktum dk
Allan
Allan Andersen - swoop-dk på altavista punktum net
Allan B. Christensen - abc på dk2net punktum dk
Allan Frederiksen - allan på kom punktum auc punktum dk
Allan Hansen - all på nhansen punktum dk
Allan Høiberg - allanh på post1 punktum tele punktum dk
Allan Jensen - aj på svendts punktum dk
Allan Olsen - mail på alano punktum dk
Anders
Anders - anielsen på diku punktum dk
Anders Bo Rasmussen - fuzz på fuzz punktum dk
Anders Brander
Anders Drejer Nygaard - dnygaard på post punktum tele punktum dk
Anders Feder
Anders Gnistrup - agn på city punktum dk
Anders Højen - engah på hum punktum au punktum dk
Anders Ivarsen
Anders Jorsal - anders på jorsal punktum dk
Anders K. Pedersen - akp på akp punktum dk
Anders Lund - anders på alweb punktum dk
Anders Lund - linux på psykopat punktum dk
Anders Lund Olsen - alo på post9 punktum tele punktum dk
Anders Madse - madsen på ccs punktum ki punktum ku punktum dk
Anders Madsen - madsen på ccs punktum ki punktum ku punktum dk
Anders Melchiorsen - anders på kalibalik punktum dk
Anders Nielsen - anielsen på diku punktum dk
Anders Nielsen - mr4lg0 på worldonline punktum dk
Anders Steen Rasmussen
Andreas
Andreas Andersen - andreasandersen på bbsyd punktum dk
Andreas Bach Aaen
Andreas Bach Aaen - abach på stofanet punktum dk
Andreas Lind Petersen - andreas på lind punktum petersen punktum nu
Anna Amandsen - a på superbruger punktum dk
Anna Ammundsen - a på ingenioer punktum dk
Anna Armannsdottir - a på ingenioer punktum dk
Anne Grethe Olsen - ago på geac punktum dk
Anne Kosack Madsen - annekosack på email punktum dk
Anne Leopold
anne sophie - annesophie50 på hotmail punktum com
Anonymous Coward - peter på makholm punktum net
Anton Stonor - stonor på giraffen punktum dk
Arne Hegested - arne på hegested punktum dk
Arne Jorgensen - arne på arnested punktum dk
Arne Jorgensen - arne på seamus
Arne Jørgensen - arne på daimi punktum au punktum dk
Arne Jørgensen - arne_joergensen på mailme,dk
Arne Jørgensen - arne_joergensen på mailme punktum dk
Asbjørn Clemmensen
Asbjørn Zweidorff Kjær - bunjiboys på hotmail punktum com
Asbjørn Zweidorff Kjær - bunjiboys på linux punktum eucsyd punktum dk
Asger Bredgaard - asbr på image punktum dk
Ask Kæreby - ask på postmark punktum net
Axel Stemark - ax på stemark punktum dk
Balder Kjerulff - bk på msf punktum dk
Balder Kjerulff &lt;<A href="javascript:parent punktum opencompose('bk på msf punktum dk','','','')">bk@msf punktum dk</A>&gt; - BR
Beaufour
Benjamin Quorning - bquorning på hotmail punktum com
Benny B. Thomsen - thomsen på benny punktum dk
bent
Bent CC Hansen - bibent på city punktum dk
Bent Valerius - bv på uni-c punktum dk
Birger
Birger - birger punktum langkjer på image punktum dk
Birger L
Birger Langkjer - birger punktum langkjer på image punktum dk
Birger Langkjer - bl på dci punktum dk
Birger Langkjer - webmaster på dci punktum dk
Birger Nielsen - bnielsen på daimi punktum au punktum dk
Birgit Kamara
Birgit Kamara - birkam på danbbs punktum dk
Bjarne Jensen - baaj på mailme punktum dk
Bjarne Winther - winther på e-privat punktum dk
Björn - nilsson på nbi punktum dk
<bl på dci punktum dk
B Nyrup - benja på nyrup punktum org
Bo Alrø - ba på atira punktum dk
Bo Bichel Nørbæk
Bo Eriksen - bonummerto på 12move punktum dk
Bo Klausen - bklausen på sca punktum csc punktum com
Bo Klausen - bo punktum klausen på sol punktum dk
Bo Pedersen - bop på cst punktum ku punktum dk
Brian
Brian Hub - hub på realize punktum dk
Brian Josefsen - bj på struer punktum net
Brian Lindberg - Lindberg på person punktum dk
bruger på nbi punktum dk
buck - buck på ehj punktum dk
Byrial Jensen - byrial på image punktum dk
Børge Olsen - bool på get2net punktum dk
Carsten A. Skjøth
Carsten Ehrenreich - ce på dk punktum ibm punktum com
Carsten Ehrenreich - ce på maerskdata punktum dk
Carsten R. Hess
Casper Møller
Casper Strømfeldt - cst på who punktum dk
C. Egmose
C. Egmose - c på egmose punktum dk
chlor
christian
Christian Anthon - anthon på kiku punktum dk
Christian Bjørnbak
christian bruun
Christian Dalager - christian på dalager punktum com
Christian Diget - diget på ifa punktum au punktum dk
Christian Dølpher - dolpher på worldonline punktum dk
Christian Flintrup - christianflintrup på mail punktum com
Christian G. Jacobsen
CHristian Jul Jensen - julle på diku punktum dk
Christian Junker - christian på junker punktum com
Christian Junker - csj på internetgruppen punktum dk
Christian Jørgensen - mail på phpguru punktum dk
Christian K
Christian Kryger
Christian Martin Jäger
Christian Martin Jäger - cchr punktum m punktum jager på teliamail punktum dk
Christian Mikkelsen - cmik på fys punktum ku punktum dk
Christian Poll - cpoll på get2net punktum dk
Christian Schmidt - christian på ostenfeld punktum dk
Christian S. Junker - christian på junker punktum com
Christian S. Junker - csj på internetgruppen punktum dk
Christian Skøtt Junker - christian på junker punktum com
Christian Storgaard - cybolic på goth punktum net
Christina Frøkjær - thessie på isfugl punktum com
Christina Nørgaard - christina på hugsarin
Christina Sparre Andersen
Christina Sparre Andersen - freja på sparre-andersen punktum dk
Claus
Claus Christensen - cc på cs punktum aau punktum dk
Claus Ekstroem
Claus Ekstroem - claus på ekstroem punktum dk
Claus Ekstrøm
Claus Hindsgaul - claus_h på image punktum dk
Claus Holm Christensen - claushc på bitnisse punktum dk
Claus Jensen - cjn på cjn punktum dk
Claus L. Wilson - vfk på wanadoo punktum dk
Claus Madsen - clamad på hotmail punktum com
Claus M. Christensen - cc på marge punktum cs punktum aau punktum dk
Claus Rasmussen - clausmr på vip punktum cybecity punktum dk
Claus Rasmussen - clausmr på vip punktum cybercity punktum dk
Claus Svalekjaer - claus punktum svalekjaer på cgsdata punktum com
Claus Sørensen - cs på plomus punktum dk
Claus Tøndering - claus på tondering punktum dk
dan
Dan - dan på hemsoe punktum dk
Daniel Henriksen - dsh på vip punktum cybercity punktum dk
Daniel Lundt Mersebak - merz punktum com på get2net punktum dk
Danjel Jungersen - danjel på jungersen punktum dk
Dan Rasmussen - dan på hemsoe punktum dk
Dansk System Industri
Dan Slot Hemsø Rasmussen - dan på hemsoe punktum dk
david
david helgason - dhns på uti punktum is
David Kristensen - dk på unf punktum dk
David List
David Simonsen - david på studentergaarden punktum dk
Deacon
Dennis - djengis på iname punktum com
Dennis H
Dennis Kjær Jensen - mig på signout punktum dk
Dennis Petersen - fessor på software punktum dk
den onde ord gejler
Didi Rump - didijohn på magma punktum ca
DocRyan
DocRyan - docryan på tmd punktum dk
Donald Axel - donald_j_axel på get2net punktum dk
Dorthe G=C3=A5rdbo-Pedersen - dorthegp på gmail punktum com
Eik Kristensen - eik på math punktum ku punktum dk
Ejvind Nørgaard - ejvindn på stofanet punktum dk
ekberg
elias
Emil Zeuthen - emil_zeuthen på hotmail punktum com
En Person
Erik Bachmann - e_bachmann på hotmail punktum com
Erik Corry - erik på arbat punktum com
Erik Ebert - erik punktum ebert på doek punktum dk
Erik K. Pedersen - erik på bgm-24-95-144-193 punktum stny punktum rr punktum com
Erik K. Pedersen - erik på binghamton punktum edu
Erik Splittorff - split på kryds punktum dk
Erling
Erlo Haugen - erlo på image punktum dk
Esben Jensen - esben_j på hotmail punktum com
Et af Jacob Sparre Andersens programmer - sparre på nbi punktum dk
Evanthore Vestergaard - etv på dr punktum dk
Excalibur
Finn
Finn Andersen - finn_andersen på mobilixnet punktum dk
Finn Andersen - finn på linuxfan punktum com
Finn Hansen
Finn Hansen - villalulla på mail punktum tele punktum dk
Flemming
Flemming Bjerke - flemming på bjerke punktum dk
Flemming Elimar Jensen - flemming-elimar på web-com punktum dk
Flemming Hoffmeyer - Flemming på linuxplanet punktum nu
Flemming Kjær Jensen
Flemming Kjær Jensen - fkj på kom punktum auc punktum dk
Flemming Ledet
Flemming Mahler Larsen - mahler på DK punktum net
Flemming Meier - fme på ufv punktum dk
Flemming Simonsen
Frank Bille Jensen - billen på frank-bille punktum dk
Frank Bille Jensen - billen på sol punktum dk
Frank Damgaard - frank på sslug punktum dk
Frank Frederiksen - frank punktum frederiksen på klarupnet punktum dk
Frank Hansen - frank-hansen på image punktum dk
Frank M punktum G. Jørgensen - gajda på iname punktum dk
Frans Jensen - koldby1 på bigfoot punktum com
Frederik Dannemare - frederik på dannemare punktum dk
Fridolin Okkels - okkels på nbi punktum dk
F. Simonsen
Garlic
Garlic - larsb på aloc punktum dk
Gitte Wange - gitte på wange punktum dk
Gitte Wange - gittewj på hhknet punktum dk
Gregers H. Hansen - ghh på aub punktum dk
Guan Yang - guan på unicast punktum org
Gunner
Gunner - gp på lyngbjerggaardskolen punktum dk
Gunner Poulsen - gp på lyngbjerggaardskolen punktum dk
Gustav Kristoffer Ek - stoffer på ek punktum dk
Hammer
Hanne Munkholm - hanne på geekgirl punktum dk
Hans-Henrik T. Ohlsen - ht på ohlsen punktum dk
Hans j Micheelsen - hans punktum micheelsen på mail1 punktum stofanet punktum dk
Hans Jørgensen - despina på worldonline punktum dk
Hans Odborg
Hans Odborg - h2o på mail punktum dk
Hans-Ole Larsen
Hans-Ole Larsen - holit på mailserver punktum dk
Hans Osborg - h2o på sol punktum dk
Hans Schou - chlor på schou punktum dk
Heine Larsen - heine på math-tech punktum dk
Heini av Skarði
Henning Hansen
Henning Hansen - hoph på bigfoot punktum com
Henning Hansen - hoph på hotmail punktum com
Henning Hansen - hoph på post3 punktum tele punktum dk
Henning Makholm - henning på makholm punktum net
Henning Niss
Henning Niss - hniss på diku punktum dk
Henning Schou - hs på tag-gym punktum dk
Henriette Jensenius - jenseniu på nbi punktum dk
Henrik
Henrik Bjerregaaard Pedersen
Henrik BP
Henrik Bulskov - bulskov på ruc punktum dk
Henrik Christian Grove - grove på diku punktum dk
Henrik Christian Grove - grove punktum dk
Henrik Christian Grove - grove på sslug punktum dk
Henrik Christian Grove - grove på Use of uninitialized value in string eq at /home/grove/dte punktum pl line 209, <> line 123 punktum 
Henrik ChUse of uninitialized value in string eq at /home/grove/dte punktum pl line 210, - > line 464 punktum 
Henrik Eismark
Henrik Eismark - h punktum eismark på privat punktum dk
Henrik Fjorback
Henrik Fjorback - fjorback på multi-support punktum dk
Henrik Fjorback - fjorback på users punktum multi-support punktum dk
Henrik Grove
Henrik Grove - grovediku punktum dk
Henrik Grove - grove på sslug punktum dk
Henrik Johansen - henrik på isaq punktum dk
Henrik Larsen - helarsen på post2 punktum tele punktum dk
Henrik Larsen - vemmedrup på hotmail punktum com
Henrik Lebtien Mohr - d960850 på student punktum dtu punktum dk
Henrik Lerfeldt
henrikmj
henrik møller jørgensen - henrikmj på forum punktum dk
Henrik Pedersen
Henrik Poulsen - hsp på email punktum dk
Henrik Ræder Clausen - henrik på fangorn punktum dk
Henrik Størner
Henrik Vinther - hvinther på mail punktum dk
Henrik Vinther - hvinther på worldonline punktum dk
Henrik V. Larsen - vemmedrup på hotmail punktum com
Hrafnkell F Hlöðversson - keli på shebang punktum dk
hristian Mikkelsen - cmik på fys punktum ku punktum dk
Hroi Sigurdsson
HVL - vemmedrup på hotmail punktum com
Ina Slott - ies på get2net punktum dk
Ingelise Hassing Mortensen - ingelise punktum hassing på gmail punktum com
isak lyberth - isakl på get2net punktum dk
isj på image punktum dk
Ivan S. J punktum 
Ivan Toft - ivantoft på post punktum tele punktum dk
Ivar Madsen
Ivar Madsen - sim på milli punktum dk
Jacob Kjeldahl - jacob på kjeldahl punktum dk
Jacob Nordfalk - nordfalk på mobilixnet punktum dk
Jacob Schultz
Jacob Schultz - jacob på schertz punktum dk
Jacob Sparre Andersen - jacob på jacob-sparre punktum dk
Jacob Sparre Andersen - jacob på sparre-andersen punktum dk
Jacob Sparre Andersen (på Mac OS X) - mac-sparre på hugin punktum crs4 punktum it
Jacob Sparre Andersens ordklassegenkender - sparre på nbi punktum dk
Jacob Sparre Andersen - sparre på adaheads punktum sparre-andersen punktum dk
Jacob Sparre Andersen - sparre punktum dk
Jacob Sparre Andersen - sparre på jspa-nykredit
Jacob Sparre Andersen - sparre på nbi punktum dk
Jacob Sparre Andersen - sparre på sparre-andersen punktum dk
Jacob Sparre Larsen
Jacob Thamsborg - thams på egmont-kol punktum dk
Jacob Volstrup - volstrup på avanceret punktum dk
Jakob Grove-Rasmussen - jgr på jean-paul
Jakob Lund - jalun2 på edu punktum kts punktum dk
Jakob Schiøtz - schiotz på fysik punktum dtu punktum dk
Jakob Vesterlund - jape99ah på student punktum cbs punktum dk
James Avery
Jan
Jan Eggert Kofoed - jan punktum kofoed på person punktum dk
Jane Nielsen - jtn på krag punktum org
Jan Laursen
Jan Nielsen
Jann Ole Karlsen - eebiole på koegekom punktum dk
Jan Normann Nielsen
Jan Rasmussen - jan på jiffy punktum dk
Janus Sandsgaard - janus på janus punktum dk
Jens
Jens Alstup Hansen - pbk903 på pbk punktum dk
Jens bacher
Jens Berg Thomsen -  jens punktum berg punktum thomsen på gmail punktum com
Jens Berg Thomsen - jens punktum berg punktum thomsen på gmail punktum com
Jens Berg Thomsen - jens punktum berg punktum thomsen på gmail punktum com 
Jens Berg Thomsen jens punktum berg punktum thomsen på gmail punktum com
Jens Berg Thomsen &lt;
Jens Berg Thomsen &lt;<a href=3D"mailto:jens punktum berg punktum thomsen på gmail punktum com=
Jens - cis3018a på post punktum cybercity punktum dk
Jens Fjeldal - jf på nesthood punktum dk
Jens Gyldenkærne Clausen - jc på dmf punktum dk
Jens Lykke Brandt
Jens Lykke Brandt - jlb på ruc punktum dk
Jens P Andersen - jepean på bigfoot punktum com
Jens Peder Andersen
Jens Peder Andersen - jepean på bigfoot punktum com
Jens Peter Vilstrup - i punktum am på yonzie punktum dk
Jens Svalgaard Kohrt - jens på svalgaard punktum net
Jeppe Bundgaard - jeppe på livsnyder-inc punktum dk
Jeppe Eg - eg på oek punktum dk
Jes Monrad Pedersen
Jesper
Jesper Andersen - opensource på skydiver punktum dk
Jesper Borg - borg på nbi punktum dk
Jesper Brodersen - broeman på bma punktum kollegie6400 punktum dk
Jesper Harder - harder på ifa punktum au punktum dk
Jesper Hein Olsen - elsdyr på post punktum tele punktum dk
Jesper Juul - m på soup punktum dk
Jesper Kjær - jkj på it punktum dk
Jesper Krogh
jesper på krogh punktum cc
Jesper Krogh - jesper på krogh punktum cc
Jesper Laisen - post på laisen punktum dk
Jesper Leth - leth på apexmail punktum com
Jesper Louis Andersen - jlouis på jlouis punktum dk
Jesper Lund - ballbreaker på linux punktum eucsyd punktum dk
Jesper Marcussen - jesper punktum marcussen på dk punktum pwcglobal punktum com
Jesper Meyer - jrm på stofanet punktum dk
jesper mortensen
Jesper Mønsted - jesper på monsted punktum com
Jesper Skovhus Thomsen - jesper på jst punktum ana punktum au punktum dk
Jesper Skov - jskov på redhat punktum com
Jesper Søndergård Pedersen - toogdyrre på hotmail punktum com
Jesper Søndergård Pedersen - toogfyrre på hotmail punktum com
Jesper Søndergård Pedersen - toogryrrehotmail punktum com
Jesper Tholl - Jesper punktum Tholl på post3 punktum tele punktum dk
Jesper Tholl - jesper punktum tholl på teliamail punktum dk
Jette Juul - jettejuul på privat punktum dk
Jette Lyon - jettejuul på privat punktum dk
Jette Lyon - jettelyon på mail punktum dk
Jette Randløv - randlov på nbi punktum dk
Jimmy Selgen - scizo på stampede punktum org
JJ
Joakim Reck - joakim på reck punktum dk
johan wich - islev på solidcore punktum dk
Johan Wich - s001963 på student punktum dtu punktum dk
Johan Wich - wich på worldonline punktum dk
John
John - ekberg på image punktum dk
John Ekberg - john på apus punktum dk
John Molholt - jm på dsdi punktum dk
Johnny Nielsen - jni på dksin punktum dk
John Tøndering - johtnd på cphling punktum dk
Jonas B. Nielsen - jonasbn på wanadoo punktum dk
Jonas Christensen - microshaft på forum punktum dk
Jonas Engelhardt - engelhardt på 12mail punktum dk
Jonas Häggqivst - jfh på adr punktum dk
Jonas Häggqvist - jfh på adr punktum dk
Jonas Jalling - jonas på jalling punktum dk
Jonas Jensen - bones0 på rapanden punktum dk
Jonas Pedersen
Jonas Pedersen - Jonasped på person punktum dk
jonas sølvhøj
Jon Loldrup - jonlol på worldonline punktum dk
jpa
J Pedersen
J Pedersen - jais på dvdoo punktum dk
Jørg Asmussen - ja på dsl punktum dk
Jørgen - jqj på endjin punktum com
Jørgen Nielsen - barzog på it punktum dk
Jørgen Nielsen - jniels på 12mail punktum dk
Jørgen Nielsen - jn på ithouse punktum dk
jørgen pedersen
Jørgen Ramskov - jramskov på worldonline punktum dk
Jørgen Thomsen - joergen på linux punktum jth punktum net
Jørgen Østergaard Jørgensen - jqj på endjin punktum com
Jørn Pejdal - jpsslug på hotmail punktum com
Kai Birger Nielsen - bnielsen punktum au punktum dk
Karsten
Karsten Pedersen - designer på denmark punktum com
Karsten Pedersen - Designer på mail1 punktum stofanet punktum dk
Karsten Pedersen - karstenp på visto punktum com
Karsten Poulsen
Karsten Thygesen - karthy på sunsite punktum auc punktum dk
Kasper
Kasper B. Graversen - kasper på herosdesign punktum dk
Kasper Holtze
Kasper Holtze - kasper på holtze punktum dk
Kasper Mogensen - kasmog på sol punktum dk
Kasper Mogensen - kasper punktum mogensen på uni-c punktum dk
Kasper Nedergaard Sørensen
Kasper Nielsen
Kasper Weibel
katja
kbh
Keld Bjerregaard - keld på grafisk punktum dk
Keld Jørn Simonsen - keld på dkuug punktum dk
Keller - killer på vip punktum cybercity punktum dk
Kenneth Christiansen - kenneth på gnu punktum org
Kenneth Christiansen - kenneth på ripen punktum dk
Kenneth Geisshirt - kneth på sslug punktum dk
Kenneth Hansen - bekgaard på hotmail punktum com
Kenneth - kaj på itu punktum dk
kenneth - kenneth på ripen punktum dk
Kenneth Reinhardt
Kenneth Østerballe - k_osterballe på vip punktum cybercity punktum dk
Kennie
Kennie - kennie_nm på yahoo punktum dk
kevin - kij på linuxpower punktum dk
Kevin Steffer - ks på ready punktum dk
Kim Erik Jensen - kimjensen på private punktum dk
Kim Futtrup Petersen - wintersilence på linuxfreemail punktum com
Kim Guldberg - kim punktum guldberg på iname punktum com
Kim Isdal Knudsen - kim på isdal punktum dk
Kim - kc på intermedia punktum dk
kim Schulz - kim på sslug punktum dk
Kirsten Grønning Sørensen - ping på peterogping punktum dk
Kirstine Sparre Larsen
Klaus Alexander Seistrup - klaus på seistrup punktum dk
Klaus Alexander Seistrup - klaus på seistrup punktum dp
Klaus Hagen - klaus_hagen på hotmail punktum com
Klaus Hansen - linux på sconk punktum dk
klaus kaan - kaan på mail punktum dk
Kristian Hougaard - kristian på tk punktum k-net punktum dk
Kristian Nielsen
Kristian Risager Larsen - KeZZe på KeZZe punktum dk
Kristian Stoevring Soerensen - kstovring på mail1 punktum stofanet punktum dk
Kristian Truelsen - kristian på truelsen punktum org
Kristian Vilmann - kristian på sslug punktum dk
Kristine Skøtt-Jensen - k på skott punktum net
Kurt Munck - kurt punktum munck på faxehus punktum dk
kutulu
Kaare - medlem på post punktum tele punktum dk
Kåre Petersen
Lars
Lars Bech - larsbech på image punktum dk
Lars Clausen - lrclause+ordliste på cs punktum uiuc punktum edu
Lars Henrik Ørn - lhovio på post10 punktum tele punktum dk
Lars Hesdorf - lars punktum hesdorf på privat punktum dk
Lars Kiærulf - lars_kiaerulf på get2net punktum dk
Lars Kongshøj
Lars Kongshøj - kongshoj på diku punktum dk
Lars Kragelund
Lars K. Schunk
Lars Lerager - lars på lerager punktum dk
Lars Marqvart Jørgensen - marqvart på image punktum dk
Lars Olesen - lars punktum olesen på image punktum dk
Lars Olesen - lsolesen på gmail punktum com
Lars Overgaard Rasmussen - lars på linuxnet punktum dk
Lars Poulsen - lars på cmc punktum com
Lars Riis Olsen - lro på cs punktum auc punktum dk
Lars Voxen Hanse - lvh på kampsax punktum dtu punktum dk
Lars Voxen Hansen - lvh på mek punktum dtu punktum dk
Lasse
Lasse B. Andersen - c938021 på student punktum dtu punktum dk
Lasse B. Andersen - lasse på smileyface punktum com
Lasse Erdmann - lasse punktum erdmann på gmail punktum com
Lasse Hansen
Lasse Leegaard
Lean Fuglsang - leanf på mailme punktum dk
Leif G. Jensen - leif punktum glering punktum jensen på get2net punktum dk
Lennart Borregaard - lennart punktum borregaard på gmail punktum com
Leo Laursen - l punktum laursen på mail1 punktum stofanet punktum dk
levi på nbi punktum dk
Line
Line Wolff
Loke "Colde" Dupont
Louise_M - Hej_louise på hotmail punktum com
Mads Hjorth - madsh på ruc punktum dk
Mads S. Larsen - mads på greencard punktum dk
Mads Wilson
Malene
Malik Linnet - superlinnet på hotmail punktum com
Marc S. Jensen - mjensen på metronet punktum com
Marianne Christensen - heksen på post punktum cybercity punktum dk
Mark Jørgensen - markj på edb punktum dk
Martin C
Martin Dahlem
Martin Dahlem - dahlem på mail punktum dk
Martin Dalum - martin på webz punktum dk
Martin Engelsmann
Martin Engelsmann - martin på engelsmann punktum dk
Martin - geeko på get2net punktum dk
Martin Geisler - gimpster på gimpster punktum com
Martin Hans - mhans på kagsaa punktum dk
Martin Hans - mhans på kagsaa dk
Martin Hans - mhans på kagsaa punktum dk
Martin Hvidberg - Martin på Hvidberg punktum net
Martin Jakob Larsen - mjl på mjl punktum dk
Martin Jeppesen - martin på itsupporter punktum dk
Martin Jepsen Wehding - martin på zapf punktum dk
Martin Larsen - mrl på dazzle punktum dk
Martin Lohse - lohse på techno punktum dk
martin - martin_hansen på mailme punktum dk
Martin Møller - martin på liga punktum dk
Martin Nielsen
Martin Olsen - geeko på get2net punktum dk
Martin Rene' Pedersen - martin på FDF punktum dk
Martin René Pedersen - martin på FDF punktum dk
Martin Skøtt - mskott på image punktum dk
Mathias Hollensen - panda på diku punktum dk
Mathias Strandgaard - Mathias punktum Strandgaard på image punktum dk
Matthias T. Kromann - mtk på id punktum cbs punktum dk
maxm
Mette Hass Nielsen - hass på ruc punktum dk
Michael Bach - mbach på mail punktum tele punktum dk
Michael Frank - mm på mailme punktum dk
Michael Jakobsen - michael på our punktum dk
Michael Lykke
Michael Lykke - michael på webudvikler punktum dk
Michael Lykke - mihael på webudvikler punktum dk
Michael Nielsen
Michael Pilgaard - mipi på mail1 punktum stofanet punktum dk
Michael Redlich - michael på redlich punktum dk
michael stæger - michael_staeger på hotmail punktum com
Michael Vejs - info på netwebber punktum dk
Michael Weidinger - michaelw på ifa punktum au punktum dk
Michael Westergaard - mw på daimi punktum au punktum dk
Michael Westergaard - u991875 på daimi punktum au punktum dk
Mikkel
Mikkel Kirkgaard Nielsen - mikkel på atheist punktum com
Mikkel Munck Rasmussen - mikkelmr på diku punktum dk
Mikkel Rasmussen - mikkel på frimer-rasmussen punktum dk
Mikkel Rasmussen - mnr på worldonline punktum dk
Mikkel Rasmussen - mras på cphling punktum dk
MN
MN Mortensen
Mnn
Mogens Svendsen
Morten
Morten Andersen
Morten Bach Møller
Morten Bo Johansen - mojo på image punktum dk
Morten Bo Johansen - mortenbo på vip punktum cybercity punktum dk
Morten Frederiksen
Morten Hansen - morten på mortenft punktum dk
Morten Hjorth Fæster - mfaester på worldonline punktum dk
Morten Høyrup
Morten 'Høyrup - hoyrup på ribekatedralskole punktum dk
Morten Høyrup - hoyrup på ribekatedralskole punktum dk
Morten Kristiansen - mk punktum k på rescom punktum dk
Morten Kristiansen - _mk på rescom punktum dk
Morten Kristiansen - mk på rescom punktum dk
Morten Krogh Andersen - morten på krogh punktum net
Morten Langlo - mlanglo på post6 punktum tele punktum dk
morten - mtl på dsr punktum kvl punktum dk
Morten Nielsen
Morten Olsen - morten på pbk punktum dk
Morten Olsen - schiodt på worldonline punktum dk
Morten Pless
Morten Poulsen - oerris på mailandnews punktum com
Morten Risager - morten på risager punktum nu
Morten Sparre Andersen - mortensa på setur punktum fo
Morten Wolf - wolf på diku punktum dk
Morten Ørris Poulsen - oerris på mailandnews punktum com
MP - pless på net punktum dialog punktum dk
 på nbi punktum dk
Nicolai Marck Ødum
Nicolas Dahlin - n_dahlin på hotmail punktum com
Nicolas Guilbert - proj61 på imm punktum dtu punktum dk
Niels Andersen - niels på myplace punktum dk
Niels Baggesen - niels på baggesen punktum net
Niels Baggesen - niels på baggesen punktum net>t
Niels Elgaard - elgaard på diku punktum dk
Niels Elgaard Larsen - elgaard på brodtgaard punktum agol punktum dk
Niels Erik K Rasmussen - niller på rudiment punktum dk
Niels Kloster
Niels Kolloff
Niels Kolloff - kolloff på wanadoo punktum dk
Niels Kongshøj
Niels Kristian Jensen
Niels Kristian Jensen - operator på traceroute punktum dk
Niels Sandmann - sandmann på post4 punktum tele punktum dk
niels søndergaard - niels på algon punktum dk
Niels Teglsbo - niels på fabel punktum dk
Niels V. Jensen
Niels V. Jensen - nvj på fys punktum ku punktum dk
Nikolaj - mr_nba på rapanden punktum dk
Nikolaj Skov Hansen - nikolaj på indbakke punktum dk
NKJensen
occulta
Ole Hansen - okh på post punktum cybercity punktum dk
Ole Kofoed Hansen
Ole Kofoed Hansen - O punktum K punktum Hansen på vip punktum cybercity punktum dk
Ole Kofoed Hansen - okh-linux på post punktum cybercity punktum dk
Ole Kofoed Hansen - okh på post punktum cybercity punktum dk
Ole Larsen - larseno på bigfoot punktum com
Ole Laursen - olau på hardworking punktum dk
Ole Laursen - ole_laursen på hardworking punktum dk
Ole Michaelsen
Ole Simonsen - osimons på c2i punktum net
Ole Tange
Ole Tange - ada på tange punktum dk
Ole Tranbberg - ot på kampsax punktum k-net punktum dk
Ole Tranberg - ot på kampsax punktum k-net punktum dk
Oluf Nissen
Palle
Palle Arentoft - par på astonitgroup punktum com
Palle Christensen - palle punktum christensen på tellabs punktum com
Patrick Agergaard - pta68 på yahoo punktum com
Paul R. Metelmann
Paw Mullit - mullit på worldonline punktum dk
Peder Borg Poulsen
Peder H. Reuther - peder på reuther punktum dk
Peder Illum Hansen - pih på ddf punktum dk
Per D. Jensen
Per D. Jensen - perd35 på yahoo punktum com
Per Jensen - pj på image punktum dk
Per - per på prl punktum dk
peter2makholm punktum net
Peter Andreasen - pandr på pandr punktum dk
Peter Bjarkov
Peter Bjarkov - peterbjarkov på dbmail punktum dk
Peter Brandt Nielsen - brandt på etklikherfra punktum dk
Peter Brodersen - peter på ter punktum dk
Peter Eriksen - s022018 på student punktum dtu punktum dk
Peter Hansen - pih på oek punktum dk
Peter Henriksen - repete på cyberdude punktum dk
Peter K punktum 
Peter Lund - firefly på netgroup punktum dk
peter på makhohlm punktum net
peter på makholm punktum 
Peter Makholm - peter på makholm punktum net
Peter Neubert
Peter Rude - phr på image punktum dk
Peter Sestoft - sestoft på dina punktum kvl punktum dk
Peter Skadhauge - prs på sitkom punktum sdu punktum dk
Peter Skov Knudsen
Peter Skov Knudsen - psk på mindpass punktum com
Peter Stubbe - pong på peterogping punktum dk
Peter Ussing - peter punktum ussing på mail punktum tele punktum dk
Peter Ussing - pussing på sca punktum csc punktum com
Philip Bergen
Philip Heede - pah på surferdude punktum com
Philip Heede - philip på heede punktum org
Plip
Poul Anker Gensmann - ispell på pag punktum dk
Poul Anker Gensmann - pa på gensmann punktum dk
Poul F. Nielsen - mail på terrablast punktum com
Poul Kristensen - bcc5226 på vip punktum cybercity punktum dk
Poul Voss-Knude - poul punktum v-k på teliamail punktum dk
Preben Albrecht - preben på freelance-it punktum dk
Preben Bertelsen - 424 på nbi punktum dk
Preben Bertelsen - pbertel på nbi punktum dk
Preben Bohn - preben_bohn på yahoo punktum com
preben sørensen - preben på enobe punktum com
pw på spitaki punktum dk
Ragnvald Larsen
Ralf Møller
Rasmus
Rasmus Berlin - firimar på lords punktum com
Rasmus Brown Jensen - linux på bwana punktum dk
Rasmus Jakobsen - rasmus9 på email punktum com
Rasmus Kjeldsen - rasmus på inleadmedia punktum dk
Rasmus Ory Nielsen - rasmuson på biology punktum au punktum dk
Rasmus Ory Nielsen - ron på ron punktum dk
Rasmus Pedersen - Rasmus på Pedersen punktum dk
Rasmus Pedersen - rasmus_pedersen på hotmail punktum com
Rasmus Resen Amosse - resen på diku punktum dk
Rasmus Svendsen - da_funky_bomb på yahoo punktum com
Rasmus Windfeldt - get2ilet på get2net punktum dk
René Seindal - rene på seindal punktum dk
rik
ro2001
Roar Hylleberg - roar på hylleberg punktum org
Roar Hylleberg roar på hylleberg punktum org
Robert Jensen - robert på danweavers punktum com
Ronny Jakobsen - jumper på email punktum dk
Rumagent
Rune Broberg - mihtjel på worldonline punktum dk
Rune Christensen - c991363 på student punktum dtu punktum dk
Rune Enggaard Jensen - ispell på enggaard-lausen punktum dk
Rune Enggaard Jensen - r punktum e punktum jensen på worldonline punktum dk
Rune Laursen
Rune Lausen - speling på enggaard-lausen punktum dk
Rune Madsen
Rune Madsen - downey på artemis punktum dk
Rune Morling - runem på molgaard punktum dk
Rune Olsen - rbo på kampsax punktum dtu punktum dk
Rune Rønde Laursen - runerl på linuxstart punktum com
sams på nbi punktum dk
simbulu
Simon Hoff Kunze - simon på kunze punktum dk
Simon Lodal - simonl på mirrormind punktum com
Simon Mikkelsen - tryl på nospam punktum dk
Simon Rigét - simon på image punktum dk
Simon-Shlomo Poil - poil på get2net punktum 
Simon-Shlomo Poil - poil på get2net punktum dk
SNG - sng på person punktum dk
Soeren Sandmann - sandmann på daimi punktum au punktum dk
Sonny
sparre på nbi punktum dk
Stanley Gade - s punktum g på get2net punktum dk
Steen Broelling - steen på broelling punktum dk
Steen Bronée
Steen Bronée - bronee på get2net punktum dk
Steen Christensen - Steen på worldonline punktum dk
Steen Hansen - Steenh2000 på yahoo punktum dk
steen norby - norby på dybdeterapi punktum dk
Steen Palm
Steen Rasmussen - steenmus på get2net punktum dk
Steen - Steenh2000 på yahoo punktum dk
Steen Suder - CAB på Earthling punktum net
Steen Varsted
Steen Varsted - sv på svsoft punktum dk
Stefan Holm
Steffen Hansen
Steffen Hansen(Zervus)
Sten Roerholt - vircom på vircom punktum dk
Stephen Wilson - wilson på mail punktum dk
Stig Dall - sd på ing punktum dk
Stine Hansen - kir på stine punktum dk
S punktum Toft
Sune Mølgaard - sune på molgaard punktum org
sune nygaard - dsune på linuxstart punktum com
Sune Rastad Bahn - bahn på fysik punktum dtu punktum dk
Sune Rasted Bahn
Sunero
Sune Vuorela - dsdo på  vuorela punktum dk
Sune Vuorela - dsdo på vuorela punktum dk
Sveinn
svend
Svend - sha på post10 punktum tele punktum dk
Sven Erik Morsing - morsing på post8 punktum tele punktum dk
Søren Aurehøj - soren_k_a på hotmail punktum com
Søren Gellert - soeren punktum gellert på forum punktum dk
Søren Gellert - soren punktum gellert på forum punktum dk
Søren Holm - soeren punktum holm på skolekom punktum dk
Søren Hvidager - soren på oldskool punktum dk
Søren Haagerup - shaagerup på hotmail punktum com
Søren Jacobsen
Søren Jacobsen - sej på it punktum edu
Søren Jensen - sjacob på postkasse punktum net
Søren Juul - sjuul på post11 punktum tele punktum dk
Søren Kongstad - Soren på kongstad punktum net
Søren Sandmann - sandmann på daimi punktum au punktum dk
Søren Schunk - schunk på email punktum dk
Søren Thing Andersen - ispell på thing punktum dk
Søren Thing Andersen - thing på control punktum auc punktum dk
Søren Thing Pedersen
Søren Toft
tange
Thames - thames på get2net punktum dk
Theis Hansen - dsdo på tph punktum dk
Theis M. Mønsted - tmm på tmm punktum dk
Theis Peter Hansen - theis på pbk punktum dk
Theo - tt på organisator punktum dk
Thomas
Thomas Buhl
Thomas Bøge
Thomas Carstensen - thomascarstensen på hotmail punktum com
Thomas Dahl Pedersen - tdahl på diku punktum dk
Thomas Gulmark - gulmus på vip punktum cybercity punktum dk
Thomas Holby
Thomas Horsten - thomas på horsten punktum com
Thomas Jørgensen - thomasj på superusers punktum dk
Thomas Kæregaard
Thomas Kæregaard - thomas på kaeregaard punktum dk
Thomas L. Kjeldsen
Thomas Mogensen - camelz på image punktum dk
Thomas Rasmussen - simpsons på kom punktum auc punktum dk
Thomas Riem - thomas_riem på hotmail punktum com
Thomas Rokamp - mail på crax punktum dk
Thomas Røntved - thomas på rontved punktum dk
Thomas Sams - sams på nbi punktum dk
Thomas Ter-Borch - flatus på brygge punktum dk
Thomas Widmann - viralbus på daimi punktum au punktum dk
Thor Dreier - thor på dreier punktum nu
Tim Hoffmann
Tine Langendorff
Tom Christensen - tomchris på image punktum dk
tommi
Torben Drews
Torben KK
Torben Mogensen - torbenm på diku punktum dk
Torben Pihler - torben punktum pihler på snedkeruddannelserne punktum dk
Torben Scheel - tscheel på image punktum dk
Torben Schou Jensen - tsj på bitnisse punktum dk
Torin
Torin F. Jensen
torkil
Torkil Bladt - torkil punktum bladt på mail punktum tele punktum dk
Torsten
Torsten Rasmussen - ertbjerg på imf punktum au punktum dk
Torsten - torsten på nybro punktum dk
Tove Grauslund - seg på vip punktum cybercity punktum dk
Troels Hansen - idle på idle punktum dk
Troels Liebe Bentsen - tlb på iname punktum com
Troels Nordfalk - nordfalk på diku punktum dk
Troels Pedersen
Troels Pedersen - troels_pedersen på altavista punktum com
Tue Lehn-Schiøler - spell på lehn-schioeler punktum dk
Tue Olesen
Tue Olesen - tueolesen på yahoo punktum com
Ture Munter
Uffe B. Christiansen - emc-tek på vip punktum cybercity punktum dk
Ulf Meisner-Jensen - umj på mail1 punktum stofanet punktum dk
Ulla Madsen - arche på mail punktum dk
Ulrik
Ulrik Balslev
Ulrik Buchholtz
unknown
venstrup på mail1 punktum stofanet punktum dk
Vibeke
Villy Feltmann - vif på lundbeck punktum com
(vil være anonym)
William Zahle Türck - williamturck på webzahle punktum dk
Wulff
Zeeper
Ørris - oerris på mailandnews punktum com
